{
  "jobID":  "4dd73263-b6e3-4fcf-91cf-297bfb62582d",
  "status":  "Succeeded",
  "results":  [
    {
      "texts":  [
        "\n                <speak xmlns=\"http://www.w3.org/2001/10/synthesis\" xmlns:mstts=\"http://www.w3.org/2001/mstts\" xmlns:emo=\"http://www.w3.org/2009/10/emotionml\" version=\"1.0\" xml:lang=\"vi-VN\">\n                    <voice name=\"vi-VN-NamMinhNeural\">\n                        <prosody rate=\"+5.00%\" pitch=\"-12.00%\">Chương 11 Tập kết. trong đêm tối, hứa thanh thân ảnh như mèo, </prosody>\n                    </voice>\n                </speak>\n                "
      ],
      "status":  "Succeeded",
      "billingDetails":  {
        "CustomNeural":  "0",
        "Neural":  "110"
      },
      "audioFileName":  "0001.wav",
      "properties":  {
        "audioSize":  "238248",
        "duration":  "PT4.9S",
        "durationInTicks":  "49630000"
      }
    }
  ]
}